1,1,Oral B Vitality 100 Black Criss Cross Electric Rechargeable Toothbrush for Adults Powered by Braun,B07JL3W3KG
1,2,Oral B Pro 3 Electric Toothbrush for adults. 3 modes with Triple pressure control. replaceable brush head included.blue,B094W9Z82F
1,3,Oral B Vitality 100 Blue Criss Cross Electric Rechargeable Toothbrush for Adults Powered by Braun,B07L4P1RDG
1,4,Oral B Vitality Criss Cross Electric Rechargeable Toothbrush with 3+1 Free refill,B0BLV3581Q
1,1,Caresmith Spark Rechargeable Electric Toothbrush | 6 Operating Modes | 40000 Vibrations per Minute | 2 Brush Heads (White),B082VZVVV2
1,2,Oral B Vitality 100 Blue Criss Cross Electric Rechargeable Toothbrush for Adults Powered by Braun,B07L4P1RDG
1,3,Mi Rechargeable Electric Toothbrush T100 for Adults|2 Mode | IPX7 Waterproof |30 Days Usage| Multi-Dimensional Cleaning | 18.000 High Frequency Vibration| Fast Charging |Ultra Soft Bristles. White,B08SQGLT23
1,4,AGARO COSMIC PLUS Sonic Electric Tooth Brush For Adults With 5 Modes. 5 Brush Heads. 1 Interdental Head. Carry Case & Rechargeable With 4 Hours Charge Lasting Up To 25 Days. Power Toothbrush. (Black),
1,5,AGARO COSMIC Lite Sonic Electric Toothbrush for Adults with 6 Modes. 3 Brush Heads. 1 Interdental Head and Rechargeable with 3.5 Hours Charge Lasting up to 20 Days. Power Toothbrush. (White),B09BNS83YZ
1,6,Oral B Vitality 100 Black Criss Cross Electric Rechargeable Toothbrush for Adults Powered by Braun,B07JL3W3KG
1,7,Oral B Vitality Criss Cross Electric Rechargeable Toothbrush with Travel Case. with replaceable brush head included (White colour),B09ZHPN1ZL
1,8,beatXP Buzz Electric Toothbrush for Adults with 2 Brush Heads & 3 Cleaning Modes|Rechargeable Electric Toothbrush with 2 Minute Timer & Quadpacer|19000 Strokes/min with Long Battery Life (Blue),B0BCFGBTNS
1,9,Oral B Vitality Criss Cross Electric Rechargeable Toothbrush with 3+1 Free refill,B0BLV3581Q
1,10,AGARO REX Sonic Electric Kids Toothbrush with 3 Brushing Modes & Rechargeable Battery. Power Tooth Brush. (Blue),B08CRVFJ8Z
1,11,beatXP Buzz Electric Toothbrush for Adults with 2 Brush Heads & 3 Cleaning Modes|Rechargeable Electric Toothbrush with 2 Minute Timer & Quadpacer|19000 Strokes/min with Long Battery Life (Blue),
1,12,AGARO COSMIC PLUS MAX Sonic Electric tooth brush for adults with 5 modes 7 brush heads 1 interdental head. Carry Case and rechargeable with 4 hours charge lasting up to 25 days. Power Toothbrush.Black,B092RDM992
1,13,BALLOON SONIC ELECTRIC TOOTHBRUSH SMILE 1.0 | 4 BRUSH HEADS | Rechargeable | 6 Operational Modes| 30000 Vibrations per Minute| IP67 Waterproof (PINK),B0C71JKTF7
1,14,AGARO COSMIC PLUS Sonic Electric Tooth Brush For Adults With 5 Modes. 5 Brush Heads. 1 Interdental Head. Carry Case & Rechargeable With 4 Hours Charge Lasting Up To 25 Days. Power Toothbrush. (Black),B08CRVGFG8
1,15,Oral B Cross Action Battery Powered Electric Toothbrush for adults. Pack of 1,B018IE1XSM
1,16,Electric Toothbrush for Adults. Oraimo Rechargeable Sonic Toothbrushes with 4 Toothbrush Heads. Power Toothbrush Holder. 3 Modes with Smart Timer. Fast Charge for 30 Days Use,B0BRC5D1S5
1,17,Oral B Kids Electric Rechargeable Toothbrush. Featuring Frozen Characters.Multicolor,B074WQVX1K
1,18,Oral B Kids Electric Rechargeable Toothbrush. Featuring Star Wars Characters.Multicolor,B07FSGMNV2
1,5,Oral B Pro Expert Electric Toothbrush for adults. Battery Operated with replaceable brush head.Pack of 1. Multicolor,B0B7DY15SB
1,6,beatXP Buzz Electric Toothbrush for Adults with 2 Brush Heads & 3 Cleaning Modes|Rechargeable Electric Toothbrush with 2 Minute Timer & Quadpacer|19000 Strokes/min with Long Battery Life (Blue),B0BCFGBTNS
1,7,Daybreak buzzz Sonic Electric Toothbrush|Long Lasting Battery Life & Waterproof| 3 Smart Cleaning Modes & 2 minute Timer| Gum Massager & Promotes Blood Circulation| For Adults| 2 Brush heads. 1 Travel case | Yellow,B0BSVDRNKY
1,8,ORACURA Sonic Lite Electric Rechargeable Toothbrush SB200 Peach. 1 Year Warranty. 4 Vibrant Colours. 36.000 strokes/min. With 3 Modes. IPX7 Waterproof. 25 Days Charging Time Cycle. 2 Mins Auto Timer. Rechargeable Battery,B0C89W4L24
1,19,Oral B Pro 3 Electric Toothbrush for adults. 3 modes with Triple pressure control. replaceable brush head included.blue,B094W9Z82F
1,20,AGARO COSMIC Lite Sonic Electric Toothbrush for Adults with 6 Modes. 3 Brush Heads. 1 Interdental Head and Rechargeable with 3.5 Hours Charge Lasting up to 25 Days. Power Toothbrush. Black,B0BV9S8HZ2
1,21,Colgate Proclinical 250R Charcoal Rechargeable Sonic Toothbrush for adults. Electric Toothbrush with Soft & Spiral Bristles. Healthier Gums in 4 Weeks (With Replaceable Brush Head. Charger included),B08DP37DGT
1,22,Caresmith SPARK Junior Rechargeable Electric Toothbrush for Kids Space Edition | Space Animal Stickers for Designing your Toothbrush | 2 Ultra Soft Brush Heads | 6 Dynamic Modes (Purple),B09FT4MJS4
1,23,Oral B Kids Electric Rechargeable Toothbrush. Featuring Spider Man. Extra Soft Bristles (Age 3+.Multicolor),B09ZHHFVW3
1,24,Oraimo Electric Toothbrush for Adults-oraimo Rechargeable Power Toothbrush with 8 Dupont Brush Heads.Sonic Toothbrush Holder.5 Optional Modes. 2 Minute Smart Timer. 3 Hr Fast Charge for 60 Days.Black,B0BJ1J7TYZ
1,25,IZI White Ultra Sonic Whitening Electric Toothbrush | 360 Deep Clean | Electric Rechargeable Toothbrush For Adults | 40000 strokes/min | 5 Brushing Modes | Smart Timer and 4 Brush Heads (Pack of 1),B09PLJ82JQ
1,26,TLISMI USB Rechargeable Soft Bristle Battery Powered Sonic Technology Electric Toothbrush with 2 Extra Interchangeable Brush Head & 5 Vibrating Cleaning & Brushing Modes for Adults (Pack of 1),B0CCP52TLP
1,27,Philips Sonicare Electric Toothbrush 3100 Series with Sonic Technology. Up to 3x Plaque Removal. Better Interdental Cleaning. Built-in Pressure Sensor. Easy Start Tech. QuadPacer. 2-minute Smart Timer. 14 Day Charge. HX3671/13,B09R1RGC58
1,28,HealthSense Electric Toothbrush Rechargeable Sonic Brush for Adult | 4 Brush Heads | IPX7 Waterproof | 5 Operational Modes | 1 Year Warranty – Clean-Care ET 730,B0BRKXGYNN
1,29,AGARO Cosmic Plus Sonic Electric Tooth Brush for Adults with 5 Modes. 5 Brush Heads. 1 Interdental Head. Carry Case & Rechargeable with 4 Hours Charge Lasting Up to 25 Days.Power Toothbrush(Rosegold),B092RFM7FN
1,30,Philips One Electric Toothbrush by Sonicare I No 1 Dentist Recommended Sonic Toothbrush I 90 Days Battery Life I 13000 Micro Vibrating Bristles for Gentle Cleaning & Brighter Smile I Sleek & Lightweight - HY1100/51 – Orange,B0BBZNZQYF
1,31,• Philips Sonicare Electric Toothbrush I No 1 Dentist Recommended Sonic Toothbrush I 3X Plaque Removal I Ideal for Sensitive Gums & Teeth I Bright Smile & Fresh Breath I 14 Days Battery Life I 2 Minute Smart Timer I Upgrade To Advanced Sonic Technology - HX3641/11,B09R1RRR35
1,32,Colgate ProClinical 150 Charcoal Sonic Battery Powered Electric Toothbrush (with Replaceable Brush Head Included),B07MWND6QF
1,33,AGARO Rex Dlx Sonic AA Battery Electric Toothbrush For Kids With 6 Brushing Modes. 2 Interchangeable Brush Heads. Soft Nylon Bristles. Power Toothbrush. AA Battery. Blue,B0B84VHD9P
1,34,Perfora Electric Toothbrush | 1 Year Warranty | Electric Brush. Electric Toothbrush For Kids. Men & Women. Diwali Gifts. 2 Modes. AAA Powered. 90 Days Battery Life - Lilac Lavender (Pack of 1),B09T3VMBKZ
1,35,TUSK Smart Electric Toothbrush with 3 Brushing Modes & Rechargeable Battery | 23000 Sonic Vibrations. Ultra Soft Brush Head with Nano-sense Technology. Replaceable Bristlehead | 30 Days Battery Life with USB-C Charging Port,B0BCYKSNGW
1,36,ORACURA Sonic Lite Electric Rechargeable Toothbrush SB200 Grey. 1 Year Warranty. 36.000 strokes/min. 3 Modes. IPX7 Waterproof. 25 Days Charging Time Cycle. 2 Mins Auto-Timer,B09775Q7V1
1,37,Bitnex Sonic Electric Toothbrush for Adults.Rechargeable Electric Toothbrushe with 2 Brush Heads. 6 Modes. 2 Minutes Smart Timer.4 Hours Fast Charge for 45 Days. (Toothbrush + 2 Brush Heads. pink),B0BSCKTS4N
1,38,Lifelong LLDC63 Electric Toothbrush for Adults with Free Clove Dental Care Pack.Sonic Technology 5 Brush Heads. 6 Modes. 1 Tongue Cleaner. 1 Carry Pouch|With Face brush and T Massager for tonning|Electric Rechargeable Power Toothbrush|40000 Strokes/minute (1 Year Warranty. White),B0BBJNPSSK
1,39,AGARO Cosmic Sonic Electric Toothbrush for Adults with 5 Modes. 3 Brush Heads & Rechargeable with 4 Hours Charge Lasting up to 25 Days. Power Toothbrush. (Black),B08CRVD8XV
1,40,US1984 Sonic Electric Toothbrush for Kids with 5 Brushing Modes. 3 Interchangeable Brush Heads & Rechargeable Battery. Ultra Soft Nylon Bristles. IPX7 Waterproof. Electric Power Tooth brush (Blue),B0C4B9R3C3
1,41,MI Rechargeable Electric Toothbrush T100 for Adults with Dual Pro Mode & USB Fast Charging (White.Pack of 1) & Mi Electric Toothbrush T100 Brush Head (3-Pack),B0CD7Y5RRM
1,42,AGARO Cosmic Sonic Electric Toothbrush for Adults with 5 Modes. 6 Brush Heads. Rechargeable with 4 Hours Charge Lasting up to 25 Days. Power Toothbrush. Pack of 2. (Black),B09WDH6B5H
1,43,GOBBLER Sonic Lite Electric Toothbrush for Adults with 6 Modes. 3 Brush Heads. Rechargeable lasting upto 30 Days on single charge. Deep Cleaning Power Toothbrush (SB 300R) - Pink,B0C3XPNTQ2
1,44,GOBBLER Sonic Pro Electric Toothbrush for Adults with 6 Modes. 3 Brush Heads. Rechargeable lasting upto 30 Days on single charge. Deep Cleaning Power Toothbrush (SB 34k) - Black,B0C3ZXPWM4
1,45,ORACURA® Sonic Kids Rechargeable Electric Toothbrush Peach. 1 Year Warranty. 3 Vibrant Colors. 15.000 strokes/Minute. IPX7 Waterproof. Dupont Bristles. Inductive Charging. Lasts About 30 Days,B0C89YBJDN
1,46,Amazon Basics Electric Automatic Toothbush for Adults- with 3 multicolor replaceable heads - AA Battery Powered,B0BZ7R3KB8
1,47,TLISMI Cartoon Printed Waterproof DuPont Soft Bristles USB Rechargeable Sonic Electric Toothbrush with five Vibrating Brushing Cleaning Modes & Extra Replaceable Brush Head for Children (Pack of 1),B0CCMFH46D
1,48,Lifelong LLDC45 Ultra Sonic Care Battery Powered Toothbrush for Adults with Free Clove Dental Care Plan.Replacable Heads| Soft Floss Tip & Spiral Bristles| 3 Smart Cleaning Modes| 1 year Manufacturer's warranty. Blue),B08ZSJW8TF
1,49,Ant Esports Alpha Lite Sonic Electric Toothbrush with 2 Brush Heads. Sonic Toothbrushes 28.000 VPM. IPX7. Ergonomic Designs. AAA Powered 120 days battery life. Ultra Soft Dupont & Vibrating Bristles. Smart Travel Power Toothbrush for Adult Men & Women – Black Blue,B0C6QXFRPD
1,50,beatXP Ionic Electric Toothbrush for Adults with 2 Brush Heads & 4 Cleaning Modes| Rechargeable Electric Toothbrush,B0BCG4NH59
1,9,AGARO Cosmic Lite Sonic Toothbrush Black & Ultra Plus Portable Oral Irigator 300 ML Black. Combo,B0B93C8BFR
1,10,AGARO COSMIC PLUS Sonic Electric Tooth Brush For Adults With 5 Modes. 5 Brush Heads. 1 Interdental Head. Carry Case & Rechargeable With 4 Hours Charge Lasting Up To 25 Days. Power Toothbrush. (Black),B08CRVGFG8
1,11,Oral B Smart 7 Electric Toothbrush with Advanced Personalization with Ultra Soft Brush head with Travel case and extra brush head,B0BP1PXYQN
1,12,AGARO COSMIC PLUS MAX Sonic Electric tooth brush for adults with 5 modes 7 brush heads 1 interdental head. Carry Case and rechargeable with 4 hours charge lasting up to 25 days. Power Toothbrush.Black,B092RDM992
1,51,beatXP Buzz Electric Toothbrush for Adults with 2 Brush Heads & 3 Cleaning Modes|Rechargeable Electric Toothbrush with 2 Minute Timer & Quadpacer|19000 Strokes/min with Long Battery Life (Blue),
1,1,Oral B Vitality 100 Black Criss Cross Electric Rechargeable Toothbrush for Adults Powered by Braun,B07JL3W3KG
1,2,Oral B Pro 3 Electric Toothbrush for adults. 3 modes with Triple pressure control. replaceable brush head included.blue,B094W9Z82F
1,3,Oral B Vitality 100 Blue Criss Cross Electric Rechargeable Toothbrush for Adults Powered by Braun,B07L4P1RDG
1,4,Oral B Vitality Criss Cross Electric Rechargeable Toothbrush with 3+1 Free refill,B0BLV3581Q
1,1,Caresmith Spark Rechargeable Electric Toothbrush | 6 Operating Modes | 40000 Vibrations per Minute | 2 Brush Heads (White),B082VZVVV2
1,2,Oral B Vitality 100 Blue Criss Cross Electric Rechargeable Toothbrush for Adults Powered by Braun,B07L4P1RDG
1,3,Mi Rechargeable Electric Toothbrush T100 for Adults|2 Mode | IPX7 Waterproof |30 Days Usage| Multi-Dimensional Cleaning | 18.000 High Frequency Vibration| Fast Charging |Ultra Soft Bristles. White,B08SQGLT23
1,4,Daybreak buzzz Sonic Electric Toothbrush|Long Lasting Battery Life & Waterproof| 3 Smart Cleaning Modes & 2 minute Timer| Gum Massager & Promotes Blood Circulation| For Adults| 2 Brush heads. 1 Travel case | Yellow,
1,5,AGARO COSMIC Lite Sonic Electric Toothbrush for Adults with 6 Modes. 3 Brush Heads. 1 Interdental Head and Rechargeable with 3.5 Hours Charge Lasting up to 20 Days. Power Toothbrush. (White),B09BNS83YZ
1,6,Oral B Vitality 100 Black Criss Cross Electric Rechargeable Toothbrush for Adults Powered by Braun,B07JL3W3KG
1,7,Oral B Vitality Criss Cross Electric Rechargeable Toothbrush with Travel Case. with replaceable brush head included (White colour),B09ZHPN1ZL
1,8,beatXP Buzz Electric Toothbrush for Adults with 2 Brush Heads & 3 Cleaning Modes|Rechargeable Electric Toothbrush with 2 Minute Timer & Quadpacer|19000 Strokes/min with Long Battery Life (Blue),B0BCFGBTNS
1,9,Oral B Vitality Criss Cross Electric Rechargeable Toothbrush with 3+1 Free refill,B0BLV3581Q
1,10,AGARO REX Sonic Electric Kids Toothbrush with 3 Brushing Modes & Rechargeable Battery. Power Tooth Brush. (Blue),B08CRVFJ8Z
1,11,beatXP Buzz Electric Toothbrush for Adults with 2 Brush Heads & 3 Cleaning Modes|Rechargeable Electric Toothbrush with 2 Minute Timer & Quadpacer|19000 Strokes/min with Long Battery Life (Blue),
1,12,AGARO COSMIC PLUS MAX Sonic Electric tooth brush for adults with 5 modes 7 brush heads 1 interdental head. Carry Case and rechargeable with 4 hours charge lasting up to 25 days. Power Toothbrush.Black,B092RDM992
1,13,BALLOON SONIC ELECTRIC TOOTHBRUSH SMILE 1.0 | 4 BRUSH HEADS | Rechargeable | 6 Operational Modes| 30000 Vibrations per Minute| IP67 Waterproof (PINK),B0C71JKTF7
1,14,AGARO COSMIC PLUS Sonic Electric Tooth Brush For Adults With 5 Modes. 5 Brush Heads. 1 Interdental Head. Carry Case & Rechargeable With 4 Hours Charge Lasting Up To 25 Days. Power Toothbrush. (Black),B08CRVGFG8
1,15,Oral B Cross Action Battery Powered Electric Toothbrush for adults. Pack of 1,B018IE1XSM
1,16,Electric Toothbrush for Adults. Oraimo Rechargeable Sonic Toothbrushes with 4 Toothbrush Heads. Power Toothbrush Holder. 3 Modes with Smart Timer. Fast Charge for 30 Days Use,B0BRC5D1S5
1,17,Oral B Kids Electric Rechargeable Toothbrush. Featuring Frozen Characters.Multicolor,B074WQVX1K
1,18,Oral B Kids Electric Rechargeable Toothbrush. Featuring Star Wars Characters.Multicolor,B07FSGMNV2
1,5,Oral B Pro Expert Electric Toothbrush for adults. Battery Operated with replaceable brush head.Pack of 1. Multicolor,B0B7DY15SB
1,6,beatXP Buzz Electric Toothbrush for Adults with 2 Brush Heads & 3 Cleaning Modes|Rechargeable Electric Toothbrush with 2 Minute Timer & Quadpacer|19000 Strokes/min with Long Battery Life (Blue),B0BCFGBTNS
1,7,Daybreak buzzz Sonic Electric Toothbrush|Long Lasting Battery Life & Waterproof| 3 Smart Cleaning Modes & 2 minute Timer| Gum Massager & Promotes Blood Circulation| For Adults| 2 Brush heads. 1 Travel case | Yellow,B0BSVDRNKY
1,8,ORACURA Sonic Lite Electric Rechargeable Toothbrush SB200 Peach. 1 Year Warranty. 4 Vibrant Colours. 36.000 strokes/min. With 3 Modes. IPX7 Waterproof. 25 Days Charging Time Cycle. 2 Mins Auto Timer. Rechargeable Battery,B0C89W4L24
1,19,Oral B Pro 3 Electric Toothbrush for adults. 3 modes with Triple pressure control. replaceable brush head included.blue,B094W9Z82F
1,20,AGARO COSMIC Lite Sonic Electric Toothbrush for Adults with 6 Modes. 3 Brush Heads. 1 Interdental Head and Rechargeable with 3.5 Hours Charge Lasting up to 25 Days. Power Toothbrush. Black,B0BV9S8HZ2
1,21,Colgate Proclinical 250R Charcoal Rechargeable Sonic Toothbrush for adults. Electric Toothbrush with Soft & Spiral Bristles. Healthier Gums in 4 Weeks (With Replaceable Brush Head. Charger included),B08DP37DGT
1,22,Caresmith SPARK Junior Rechargeable Electric Toothbrush for Kids Space Edition | Space Animal Stickers for Designing your Toothbrush | 2 Ultra Soft Brush Heads | 6 Dynamic Modes (Purple),B09FT4MJS4
1,23,Oral B Kids Electric Rechargeable Toothbrush. Featuring Spider Man. Extra Soft Bristles (Age 3+.Multicolor),B09ZHHFVW3
1,24,Oraimo Electric Toothbrush for Adults-oraimo Rechargeable Power Toothbrush with 8 Dupont Brush Heads.Sonic Toothbrush Holder.5 Optional Modes. 2 Minute Smart Timer. 3 Hr Fast Charge for 60 Days.Black,B0BJ1J7TYZ
1,25,IZI White Ultra Sonic Whitening Electric Toothbrush | 360 Deep Clean | Electric Rechargeable Toothbrush For Adults | 40000 strokes/min | 5 Brushing Modes | Smart Timer and 4 Brush Heads (Pack of 1),B09PLJ82JQ
1,26,TLISMI USB Rechargeable Soft Bristle Battery Powered Sonic Technology Electric Toothbrush with 2 Extra Interchangeable Brush Head & 5 Vibrating Cleaning & Brushing Modes for Adults (Pack of 1),B0CCP52TLP
1,27,Philips Sonicare Electric Toothbrush 3100 Series with Sonic Technology. Up to 3x Plaque Removal. Better Interdental Cleaning. Built-in Pressure Sensor. Easy Start Tech. QuadPacer. 2-minute Smart Timer. 14 Day Charge. HX3671/13,B09R1RGC58
1,28,HealthSense Electric Toothbrush Rechargeable Sonic Brush for Adult | 4 Brush Heads | IPX7 Waterproof | 5 Operational Modes | 1 Year Warranty – Clean-Care ET 730,B0BRKXGYNN
1,29,AGARO Cosmic Plus Sonic Electric Tooth Brush for Adults with 5 Modes. 5 Brush Heads. 1 Interdental Head. Carry Case & Rechargeable with 4 Hours Charge Lasting Up to 25 Days.Power Toothbrush(Rosegold),B092RFM7FN
1,30,Philips One Electric Toothbrush by Sonicare I No 1 Dentist Recommended Sonic Toothbrush I 90 Days Battery Life I 13000 Micro Vibrating Bristles for Gentle Cleaning & Brighter Smile I Sleek & Lightweight - HY1100/51 – Orange,B0BBZNZQYF
1,31,• Philips Sonicare Electric Toothbrush I No 1 Dentist Recommended Sonic Toothbrush I 3X Plaque Removal I Ideal for Sensitive Gums & Teeth I Bright Smile & Fresh Breath I 14 Days Battery Life I 2 Minute Smart Timer I Upgrade To Advanced Sonic Technology - HX3641/11,B09R1RRR35
1,32,Colgate ProClinical 150 Charcoal Sonic Battery Powered Electric Toothbrush (with Replaceable Brush Head Included),B07MWND6QF
1,33,AGARO Rex Dlx Sonic AA Battery Electric Toothbrush For Kids With 6 Brushing Modes. 2 Interchangeable Brush Heads. Soft Nylon Bristles. Power Toothbrush. AA Battery. Blue,B0B84VHD9P
1,34,Perfora Electric Toothbrush | 1 Year Warranty | Electric Brush. Electric Toothbrush For Kids. Men & Women. Diwali Gifts. 2 Modes. AAA Powered. 90 Days Battery Life - Lilac Lavender (Pack of 1),B09T3VMBKZ
1,35,TUSK Smart Electric Toothbrush with 3 Brushing Modes & Rechargeable Battery | 23000 Sonic Vibrations. Ultra Soft Brush Head with Nano-sense Technology. Replaceable Bristlehead | 30 Days Battery Life with USB-C Charging Port,B0BCYKSNGW
1,36,ORACURA Sonic Lite Electric Rechargeable Toothbrush SB200 Grey. 1 Year Warranty. 36.000 strokes/min. 3 Modes. IPX7 Waterproof. 25 Days Charging Time Cycle. 2 Mins Auto-Timer,B09775Q7V1
1,37,Bitnex Sonic Electric Toothbrush for Adults.Rechargeable Electric Toothbrushe with 2 Brush Heads. 6 Modes. 2 Minutes Smart Timer.4 Hours Fast Charge for 45 Days. (Toothbrush + 2 Brush Heads. pink),B0BSCKTS4N
1,38,Lifelong LLDC63 Electric Toothbrush for Adults with Free Clove Dental Care Pack.Sonic Technology 5 Brush Heads. 6 Modes. 1 Tongue Cleaner. 1 Carry Pouch|With Face brush and T Massager for tonning|Electric Rechargeable Power Toothbrush|40000 Strokes/minute (1 Year Warranty. White),B0BBJNPSSK
1,39,AGARO Cosmic Sonic Electric Toothbrush for Adults with 5 Modes. 3 Brush Heads & Rechargeable with 4 Hours Charge Lasting up to 25 Days. Power Toothbrush. (Black),B08CRVD8XV
1,40,US1984 Sonic Electric Toothbrush for Kids with 5 Brushing Modes. 3 Interchangeable Brush Heads & Rechargeable Battery. Ultra Soft Nylon Bristles. IPX7 Waterproof. Electric Power Tooth brush (Blue),B0C4B9R3C3
1,41,MI Rechargeable Electric Toothbrush T100 for Adults with Dual Pro Mode & USB Fast Charging (White.Pack of 1) & Mi Electric Toothbrush T100 Brush Head (3-Pack),B0CD7Y5RRM
1,42,AGARO Cosmic Sonic Electric Toothbrush for Adults with 5 Modes. 6 Brush Heads. Rechargeable with 4 Hours Charge Lasting up to 25 Days. Power Toothbrush. Pack of 2. (Black),B09WDH6B5H
1,43,GOBBLER Sonic Lite Electric Toothbrush for Adults with 6 Modes. 3 Brush Heads. Rechargeable lasting upto 30 Days on single charge. Deep Cleaning Power Toothbrush (SB 300R) - Pink,B0C3XPNTQ2
1,44,GOBBLER Sonic Pro Electric Toothbrush for Adults with 6 Modes. 3 Brush Heads. Rechargeable lasting upto 30 Days on single charge. Deep Cleaning Power Toothbrush (SB 34k) - Black,B0C3ZXPWM4
1,45,ORACURA® Sonic Kids Rechargeable Electric Toothbrush Peach. 1 Year Warranty. 3 Vibrant Colors. 15.000 strokes/Minute. IPX7 Waterproof. Dupont Bristles. Inductive Charging. Lasts About 30 Days,B0C89YBJDN
1,46,Amazon Basics Electric Automatic Toothbush for Adults- with 3 multicolor replaceable heads - AA Battery Powered,B0BZ7R3KB8
1,47,TLISMI Cartoon Printed Waterproof DuPont Soft Bristles USB Rechargeable Sonic Electric Toothbrush with five Vibrating Brushing Cleaning Modes & Extra Replaceable Brush Head for Children (Pack of 1),B0CCMFH46D
1,48,Lifelong LLDC45 Ultra Sonic Care Battery Powered Toothbrush for Adults with Free Clove Dental Care Plan.Replacable Heads| Soft Floss Tip & Spiral Bristles| 3 Smart Cleaning Modes| 1 year Manufacturer's warranty. Blue),B08ZSJW8TF
1,49,Ant Esports Alpha Lite Sonic Electric Toothbrush with 2 Brush Heads. Sonic Toothbrushes 28.000 VPM. IPX7. Ergonomic Designs. AAA Powered 120 days battery life. Ultra Soft Dupont & Vibrating Bristles. Smart Travel Power Toothbrush for Adult Men & Women – Black Blue,B0C6QXFRPD
1,50,beatXP Ionic Electric Toothbrush for Adults with 2 Brush Heads & 4 Cleaning Modes| Rechargeable Electric Toothbrush,B0BCG4NH59
1,9,AGARO Cosmic Lite Sonic Toothbrush Black & Ultra Plus Portable Oral Irigator 300 ML Black. Combo,B0B93C8BFR
1,10,AGARO COSMIC PLUS Sonic Electric Tooth Brush For Adults With 5 Modes. 5 Brush Heads. 1 Interdental Head. Carry Case & Rechargeable With 4 Hours Charge Lasting Up To 25 Days. Power Toothbrush. (Black),B08CRVGFG8
1,11,Oral B Smart 7 Electric Toothbrush with Advanced Personalization with Ultra Soft Brush head with Travel case and extra brush head,B0BP1PXYQN
1,12,AGARO COSMIC PLUS MAX Sonic Electric tooth brush for adults with 5 modes 7 brush heads 1 interdental head. Carry Case and rechargeable with 4 hours charge lasting up to 25 days. Power Toothbrush.Black,B092RDM992
1,51,beatXP Buzz Electric Toothbrush for Adults with 2 Brush Heads & 3 Cleaning Modes|Rechargeable Electric Toothbrush with 2 Minute Timer & Quadpacer|19000 Strokes/min with Long Battery Life (Blue),
1,1,Oral B Pro 3 Electric Toothbrush for adults. 3 modes with Triple pressure control. replaceable brush head included.blue,B094W9Z82F
1,2,Oral B Vitality 100 Black Criss Cross Electric Rechargeable Toothbrush for Adults Powered by Braun,B07JL3W3KG
1,3,Oral B Vitality 100 Blue Criss Cross Electric Rechargeable Toothbrush for Adults Powered by Braun,B07L4P1RDG
1,4,Oral B Pro Expert Electric Toothbrush for adults. Battery Operated with replaceable brush head.Pack of 1. Multicolor,B0B7DY15SB
1,1,Caresmith Spark Rechargeable Electric Toothbrush | 6 Operating Modes | 40000 Vibrations per Minute | 2 Brush Heads (White),B082VZVVV2
1,2,Oral B Vitality 100 Blue Criss Cross Electric Rechargeable Toothbrush for Adults Powered by Braun,B07L4P1RDG
1,3,Mi Rechargeable Electric Toothbrush T100 for Adults|2 Mode | IPX7 Waterproof |30 Days Usage| Multi-Dimensional Cleaning | 18.000 High Frequency Vibration| Fast Charging |Ultra Soft Bristles. White,B08SQGLT23
1,4,Colgate Advanced Electric Toothbrush for adults 33 combos 4 modes 10 intensities Includes Travel case and 2 Brush Heads Convenient USB.DC Charging Premium Electric Toothbrush.Dawn white,
1,5,Oral B Vitality 100 Black Criss Cross Electric Rechargeable Toothbrush for Adults Powered by Braun,B07JL3W3KG
1,6,AGARO COSMIC Lite Sonic Electric Toothbrush for Adults with 6 Modes. 3 Brush Heads. 1 Interdental Head and Rechargeable with 3.5 Hours Charge Lasting up to 25 Days. Power Toothbrush,B09BNS83YZ
1,7,BALLOON SONIC ELECTRIC TOOTHBRUSH SMILE 1.0 | 4 BRUSH HEADS | Rechargeable | 6 Operational Modes| 30000 Vibrations per Minute| IP67 Waterproof (PINK),B0C71JKTF7
1,8,AGARO COSMIC Lite Sonic Electric Toothbrush for Adults with 6 Modes. 3 Brush Heads. 1 Interdental Head and Rechargeable with 3.5 Hours Charge Lasting up to 25 Days. Power Toothbrush. Black,B0BV9S8HZ2
1,9,Oral B Vitality Criss Cross Electric Rechargeable Toothbrush with Travel Case. with replaceable brush head included (White colour),B09ZHPN1ZL
1,10,AGARO REX Sonic Electric Kids Toothbrush with 3 Brushing Modes & Rechargeable Battery. Power Tooth Brush. (Blue),B08CRVFJ8Z
1,11,Caresmith SPARK Infinity Electric Toothbrush | Super Silent Maglev Motor | 41800 Strokes Per Min | 30 Day Battery Life,
1,12,AGARO COSMIC PLUS Sonic Electric Tooth Brush For Adults With 5 Modes. 5 Brush Heads. 1 Interdental Head. Carry Case & Rechargeable With 4 Hours Charge Lasting Up To 25 Days. Power Toothbrush. (Black),B08CRVGFG8
1,13,Oral B Vitality Criss Cross Electric Rechargeable Toothbrush with 3+1 Free refill,B0BLV3581Q
1,14,AGARO COSMIC PLUS MAX Sonic Electric tooth brush for adults with 5 modes 7 brush heads 1 interdental head. Carry Case and rechargeable with 4 hours charge lasting up to 25 days. Power Toothbrush.Black,B092RDM992
1,15,Oral B Kids Electric Rechargeable Toothbrush. Featuring Frozen Characters.Multicolor,B074WQVX1K
1,16,Electric Toothbrush for Adults. Oraimo Rechargeable Sonic Toothbrushes with 4 Toothbrush Heads. Power Toothbrush Holder. 3 Modes with Smart Timer. Fast Charge for 30 Days Use,B0BRC5D1S5
1,17,Caresmith SPARK Junior Rechargeable Electric Toothbrush for Kids Space Edition | Space Animal Stickers for Designing your Toothbrush | 2 Ultra Soft Brush Heads | 6 Dynamic Modes (Purple),B09FT4MJS4
1,18,Oral B Kids Electric Rechargeable Toothbrush. Featuring Star Wars Characters.Multicolor,B07FSGMNV2
1,5,Oral B Vitality Criss Cross Electric Rechargeable Toothbrush with 3+1 Free refill,B0BLV3581Q
1,6,Daybreak buzzz Sonic Electric Toothbrush|Long Lasting Battery Life & Waterproof| 3 Smart Cleaning Modes & 2 minute Timer| Gum Massager & Promotes Blood Circulation| For Adults| 2 Brush heads. 1 Travel case | Yellow,B0BSVDRNKY
1,7,ORACURA Sonic Lite Electric Rechargeable Toothbrush SB200 Grey. 1 Year Warranty. 36.000 strokes/min. 3 Modes. IPX7 Waterproof. 25 Days Charging Time Cycle. 2 Mins Auto-Timer,B09775Q7V1
1,8,AGARO COSMIC PLUS Sonic Electric Tooth Brush For Adults With 5 Modes. 5 Brush Heads. 1 Interdental Head. Carry Case & Rechargeable With 4 Hours Charge Lasting Up To 25 Days. Power Toothbrush. (Black),B08CRVGFG8
1,19,Oral B Cross Action Battery Powered Electric Toothbrush for adults. Pack of 1,B018IE1XSM
1,20,Oral B Pro 3 Electric Toothbrush for adults. 3 modes with Triple pressure control. replaceable brush head included.blue,B094W9Z82F
1,21,Oraimo Electric Toothbrush for Adults-oraimo Rechargeable Power Toothbrush with 8 Dupont Brush Heads.Sonic Toothbrush Holder.5 Optional Modes. 2 Minute Smart Timer. 3 Hr Fast Charge for 60 Days.Black,B0BJ1J7TYZ
1,22,AGARO Cosmic Plus Sonic Electric Tooth Brush for Adults with 5 Modes. 5 Brush Heads. 1 Interdental Head. Carry Case & Rechargeable with 4 Hours Charge Lasting Up to 25 Days.Power Toothbrush(Rosegold),B092RFM7FN
1,23,TUSK Smart Electric Toothbrush with 3 Brushing Modes & Rechargeable Battery | 23000 Sonic Vibrations. Ultra Soft Brush Head with Nano-sense Technology. Replaceable Bristlehead | 30 Days Battery Life with USB-C Charging Port,B0BCYKSNGW
1,24,IZI White Ultra Sonic Whitening Electric Toothbrush | 360 Deep Clean | Electric Rechargeable Toothbrush For Adults | 40000 strokes/min | 5 Brushing Modes | Smart Timer and 4 Brush Heads (Pack of 1),B09PLJ82JQ
1,25,ORACURA Sonic Lite Electric Rechargeable Toothbrush SB200 Grey. 1 Year Warranty. 36.000 strokes/min. 3 Modes. IPX7 Waterproof. 25 Days Charging Time Cycle. 2 Mins Auto-Timer,B09775Q7V1
1,26,Oral B Kids Electric Rechargeable Toothbrush. Featuring Spider Man. Extra Soft Bristles (Age 3+.Multicolor),B09ZHHFVW3
1,27,TLISMI USB Rechargeable Soft Bristle Battery Powered Sonic Technology Electric Toothbrush with 2 Extra Interchangeable Brush Head & 5 Vibrating Cleaning & Brushing Modes for Adults (Pack of 1),B0CCP52TLP
1,28,HealthSense Electric Toothbrush Rechargeable Sonic Brush for Adult | 4 Brush Heads | IPX7 Waterproof | 5 Operational Modes | 1 Year Warranty – Clean-Care ET 730,B0BRKXGYNN
1,29,Philips Sonicare Electric Toothbrush 3100 Series with Sonic Technology. Up to 3x Plaque Removal. Better Interdental Cleaning. Built-in Pressure Sensor. Easy Start Tech. QuadPacer. 2-minute Smart Timer. 14 Day Charge. HX3671/13,B09R1RGC58
1,30,Philips One Electric Toothbrush by Sonicare I No 1 Dentist Recommended Sonic Toothbrush I 90 Days Battery Life I 13000 Micro Vibrating Bristles for Gentle Cleaning & Brighter Smile I Sleek & Lightweight - HY1100/51 – Orange,B0BBZNZQYF
1,31,Colgate ProClinical 150 Charcoal Sonic Battery Powered Electric Toothbrush (with Replaceable Brush Head Included),B07MWND6QF
1,32,• Philips Sonicare Electric Toothbrush I No 1 Dentist Recommended Sonic Toothbrush I 3X Plaque Removal I Ideal for Sensitive Gums & Teeth I Bright Smile & Fresh Breath I 14 Days Battery Life I 2 Minute Smart Timer I Upgrade To Advanced Sonic Technology - HX3641/11,B09R1RRR35
1,33,Perfora Electric Toothbrush | 1 Year Warranty | Electric Brush. Electric Toothbrush For Kids. Men & Women. Diwali Gifts. 2 Modes. AAA Powered. 90 Days Battery Life - Lilac Lavender (Pack of 1),B09T3VMBKZ
1,34,AGARO Rex Dlx Sonic AA Battery Electric Toothbrush For Kids With 6 Brushing Modes. 2 Interchangeable Brush Heads. Soft Nylon Bristles. Power Toothbrush. AA Battery. Blue,B0B84VHD9P
1,35,Colgate Proclinical 250R Deep Clean Rechargeable Sonic Toothbrush for adults. Electric Toothbrush with Soft Bristles. Healthier Gums in 4 Weeks (With Replaceable Brush Head. Charger included.White),B08DP3V8HR
1,36,Colgate Proclinical 250R Charcoal Rechargeable Sonic Toothbrush for adults. Electric Toothbrush with Soft & Spiral Bristles. Healthier Gums in 4 Weeks (With Replaceable Brush Head. Charger included),B08DP37DGT
1,37,Bitnex Sonic Electric Toothbrush for Adults.Rechargeable Electric Toothbrushe with 2 Brush Heads. 6 Modes. 2 Minutes Smart Timer.4 Hours Fast Charge for 45 Days. (Toothbrush + 2 Brush Heads. pink),B0BSCKTS4N
1,38,Ant Esports Alpha Lite Sonic Electric Toothbrush with 2 Brush Heads. Sonic Toothbrushes 28.000 VPM. IPX7. Ergonomic Designs. AAA Powered 120 days battery life. Ultra Soft Dupont & Vibrating Bristles. Smart Travel Power Toothbrush for Adult Men & Women – Black Blue,B0C6QXFRPD
1,39,Lifelong LLDC63 Electric Toothbrush for Adults with Free Clove Dental Care Pack.Sonic Technology 5 Brush Heads. 6 Modes. 1 Tongue Cleaner. 1 Carry Pouch|With Face brush and T Massager for tonning|Electric Rechargeable Power Toothbrush|40000 Strokes/minute (1 Year Warranty. White),B0BBJNPSSK
1,40,AGARO Cosmic Sonic Electric Toothbrush for Adults with 5 Modes. 3 Brush Heads & Rechargeable with 4 Hours Charge Lasting up to 25 Days. Power Toothbrush. (Black),B08CRVD8XV
1,41,US1984 Sonic Electric Toothbrush for Kids with 5 Brushing Modes. 3 Interchangeable Brush Heads & Rechargeable Battery. Ultra Soft Nylon Bristles. IPX7 Waterproof. Electric Power Tooth brush (Blue),B0C4B9R3C3
1,42,GOBBLER Sonic Lite Electric Toothbrush for Adults with 6 Modes. 3 Brush Heads. Rechargeable lasting upto 30 Days on single charge. Deep Cleaning Power Toothbrush (SB 300R) - Pink,B0C3XPNTQ2
1,43,AGARO Cosmic Sonic Electric Toothbrush for Adults with 5 Modes. 6 Brush Heads. Rechargeable with 4 Hours Charge Lasting up to 25 Days. Power Toothbrush. Pack of 2. (Black),B09WDH6B5H
1,44,WYNX Rechargeable Electric Toothbrush For Adult | Long Lasting Fast Charging | Sonic Technology | 3x Plaque Removal Than Manual Toothbrushes | (Black),B0CH18Z5WS
1,45,GOBBLER Sonic Pro Electric Toothbrush for Adults with 6 Modes. 3 Brush Heads. Rechargeable lasting upto 30 Days on single charge. Deep Cleaning Power Toothbrush (SB 34k) - Black,B0C3ZXPWM4
1,46,Amazon Basics Electric Automatic Toothbush for Adults- with 3 multicolor replaceable heads - AA Battery Powered,B0BZ7R3KB8
1,47,ORACURA® Sonic Kids Rechargeable Electric Toothbrush Peach. 1 Year Warranty. 3 Vibrant Colors. 15.000 strokes/Minute. IPX7 Waterproof. Dupont Bristles. Inductive Charging. Lasts About 30 Days,B0C89YBJDN
1,48,Lifelong LLDC45 Ultra Sonic Care Battery Powered Toothbrush for Adults with Free Clove Dental Care Plan.Replacable Heads| Soft Floss Tip & Spiral Bristles| 3 Smart Cleaning Modes| 1 year Manufacturer's warranty. Blue),B08ZSJW8TF
1,49,beatXP Ionic Electric Toothbrush for Adults with 2 Brush Heads & 4 Cleaning Modes| Rechargeable Electric Toothbrush,B0BCG4NH59
1,50,MEDGEARS Rechargeable Electric Professional Ultra care Whitening Toothbrush Artificial Intelligence medical grade with Ultrasonic vibration USB charging (Black),B0BM4W9Q98
1,9,AGARO Cosmic Lite Sonic Toothbrush Black & Ultra Plus Portable Oral Irigator 300 ML Black. Combo,B0B93C8BFR
1,10,Oral B Smart 7 Electric Toothbrush with Advanced Personalization with Ultra Soft Brush head with Travel case and extra brush head,B0BP1PXYQN
1,11,AGARO COSMIC Lite Sonic Electric Toothbrush for Adults with 6 Modes. 3 Brush Heads. 1 Interdental Head and Rechargeable with 3.5 Hours Charge. usage 20 day Power Toothbrush. Purple,B0BN88YKX6
1,12,Oral B iO8 Black Ultimate Clean Electric Toothbrush for Adults with a Travel Case,B088N6KHH8
1,51,Daybreak buzzz Sonic Electric Toothbrush|Long Lasting Battery Life & Waterproof| 3 Smart Cleaning Modes & 2 minute Timer| Gum Massager & Promotes Blood Circulation| For Adults| 2 Brush heads. 1 Travel case | Yellow,
2,13,Oral B Cross Action Battery Powered Electric Toothbrush for adults. Pack of 1,B018IE1XSM
2,14,Daybreak buzzz Sonic Electric Toothbrush|Long Lasting Battery Life & Waterproof| 3 Smart Cleaning Modes & 2 minute Timer| Gum Massager & Promotes Blood Circulation| For Adults| 2 Brush heads. 1 Travel case | Moon White,B0BSVCDJG3
2,15,AGARO COSMIC PLUS MAX Sonic Electric tooth brush for adults with 5 modes 7 brush heads 1 interdental head. Carry Case and rechargeable with 4 hours charge lasting up to 25 days. Power Toothbrush.Black,B092RDM992
2,16,AGARO Cosmic Plus Sonic Electric Tooth Brush for Adults with 5 Modes. 5 Brush Heads. 1 Interdental Head. Carry Case & Rechargeable with 4 Hours Charge Lasting Up to 25 Days.Power Toothbrush(Rosegold),B092RFM7FN
2,52,TLISMI Cartoon Printed Waterproof DuPont Soft Bristles USB Rechargeable Sonic Electric Toothbrush with five Vibrating Brushing Cleaning Modes & Extra Replaceable Brush Head for Children (Pack of 1),B0CCMFH46D
2,53,AGARO Cosmic Dlx Sonic AAA Battery Electric Toothbrush For Adults. Power Toothbrush. Soft Nylon Bristles. AAA Battery. White,B0B84SJ6RS
2,54,Daybreak buzzz Sonic Electric Toothbrush|Long Lasting Battery Life & Waterproof| 3 Smart Cleaning Modes & 2 minute Timer| Gum Massager & Promotes Blood Circulation| For Adults| 2 Brush heads. 1 Travel case | Yellow,B0BSVDRNKY
2,55,US1984 Sonic Electric Toothbrush for Kids with 5 Brushing Modes. 3 Interchangeable Brush Heads & Rechargeable Battery. Ultra Soft Nylon Bristles. IPX7 Waterproof. Electric Power Tooth brush (Pink),B0C4BBP8CG
2,56,Caresmith SPARK One Electric Battery Toothbrush | Electric Tooth Brushes for Adult | AA Battery Provided | 30000 Strokes per Minute (White. 1),B09FT4J2XK
2,57,MEDGEARS Rechargeable Electric Professional Ultra care Whitening Toothbrush Artificial Intelligence medical grade with Ultrasonic vibration USB charging (Black),B0BM4W9Q98
2,58,beatXP Azure Electric Toothbrush for Adults with 2 Brush Heads & 5 Cleaning Modes|Rechargeable Electric Toothbrush Battery Backup of upto 180 Days (White),B0BCG2Z2S8
2,59,SNEPCOM Sonic Electric Toothbrush Rechargeable Ideal for Adults Children. 6 Optional Modes Fast Charging Electric Ultrasonic Toothbrush with 2 min Build in Timer & 4 Replacement Brush Heads (Multi),B0BZJ5PZPV
2,60,ORACURA® SB300 Sonic Smart Electric Rechargeable Toothbrush Grey. 1 Year Warranty. 4 Vibrant Colors. 36.000 strokes/min. With 5 Modes & 3 Intensity Levels. Waterproof. 2 Mins Auto Timer. 90 Days after full charge,B09DTFSKGW
2,61,Athelas Smart Sonic Electic Toothbrush | Unleash the Power of 28.000 Vibrations | Dual Modes. 2-Minute Timer. 90 Days AAA Battery Life. 2 Years Warranty (Midnight Black),B0CCPM8NVN
2,62,Colgate ProClinical 150 Battery Powered Electric Toothbrush for adults - Pack of 1,B07MWNWZ2F
2,63,Philips Sonicare Electric Toothbrush 3100 Series with Sonic Technology. Up to 3x Plaque Removal. Better Interdental Cleaning. Built-in Pressure Sensor. Easy Start Tech. QuadPacer. 2-minute Smart Timer. 14 Day Charge. HX3671/14,B09R1RC2Y3
2,64,SHOPPOWORLD Rechargeable Electric Toothbrush for Adults - Sonic Electric Brush with 6 Modes and 4 Brush Head. Can Use 60 Days with 4 Hours Charging. Practical Gifts for Men and Women (BLACK),B0C8ZDFYGM
2,65,Voltify Electric Toothbrush For Adults | Ultrasoft Dupont & Vibration Bristles | Battery Powered Electric Toothbrush | Waterproof Automatic Toothbrush (Included : 1 Brush Head & 1 Brush Cover),B0C6666HB8
2,66,TLISMI Waterproof USB Rechargeable Sonic Electric Toothbrush with five Vibrating Brushing Cleaning Modes & 2 Extra Replaceable Brush Heads for Adults (Pack of 1),B0CCMGPZPW
2,67,Fashion Story battery powered. and rechargeable electric toothbrush for kids. electric toothbrush for men. electric toothbrush for women (Green),B0C5HLCDXQ
2,17,AGARO COSMIC Lite Sonic Electric Toothbrush for Adults with 6 Modes. 3 Brush Heads. 1 Interdental Head and Rechargeable with 3.5 Hours Charge Lasting up to 25 Days. Power Toothbrush,B09BNS83YZ
2,18,AGARO Cosmic Sonic Electric Toothbrush for Adults with 5 Modes. 3 Brush Heads & Rechargeable with 4 Hours Charge Lasting up to 25 Days. Power Toothbrush. (Black),B08CRVD8XV
2,19,Oral B Vitality Electric Rechargeable Toothbrush. Couple Pack. Gifting Pack with 2 brushes and 1 charger,B0BLV3W8CK
2,20,MADHURAM ELECTRIC TOOTHBRUSH for Adults with 3 Brush Heads & 5 Cleaning Modes (Rechargeable) (WHITE),B0C9TWR6MW
2,68,Danakil Electric Toothbrush Rechargeable Premium Brush Waterproof Brush For Men. Women & Boys Use Brush,B0C1VG4CW5
2,69,PROTOUCH PROTEETH ULTRASONIC TOOTHBRUSH for adults|360° Mouth Cleansing & Teeth Whitening at home|Soft Bristles & Blue Led Light| 3 Modes|Portable & Rechargeable |Electric Toothbrush for Men & Women,B09ZRJNKDQ
2,70,Jellify Pack of 1 Kids Cartoon Printed Electric Toothbrush Extra Soft Electric. Battery Powered Toothbrush for Kids Blue (Blue),B0BLNVDYGJ
2,71,Perfora Electric Toothbrush | 1 Year Warranty | Electric Brush. Electric Toothbrush For Kids. Men & Women. Diwali Gifts. 2 Modes. AAA Powered. 90 Days Battery Life - Ocean Blue (Pack of 1),B09JVTP3CC
2,72,Dr Trust Aquacare Sonic Rechargeable Waterproof Toothbrush for Men and Women With 40.000 Strokes/minute having 2 Replaceable Brush Heads(Black)-320,B09FGF6YT3
2,73,MAGTOUCH Rechargeable Sonic Electric Toothbrush | 6 Operational Modes | 42000 Vibrations per Minute | 4 Brush Heads | Recharge Cable | IpX 7 Waterproof for Adults & Kids (black),B0CB6KP9HN
2,74,AGARO COSMIC PLUS MAX Sonic Electric tooth brush for adults with 5 modes.7 brush heads.1 interdental head.Carry Case and rechargeable with 4 hours charge lasting up to 25 days Power Toothbrush.Champagne Gold,B092RDKJLC
2,75,Lifelong Electric Toothbrush with Free Clove Dental Health Plan for Kids (3+ Years) with Animated sticker for Designing your Toothbrush | 2 Extra Soft Brush Heads|2 min Smart Timer|Rotary Toothbrush Electric Toothbrush(1 year warranty. Yellow. LLDC99),B0BBJJM1H1
2,76,Philips Sonicare ProtectiveClean 4300 Electric Toothbrush with Sonic Technology. Up to 7x Plaque Removal. Built-in Pressure Sensor. Dual-Intensity. Brush Sync Feature. 2-minute Timer. HX6807/24,B09PC2CMW2
2,77,Colgate Advanced Electric Toothbrush for adults 33 combos 4 modes 10 intensities Includes Travel case and 2 Brush Heads Convenient USB.DC Charging Premium Electric Toothbrush.Dawn white,B0B2PLSN6X
2,78,US1984 Sonic Electric Toothbrush for Kids with 5 Brushing Modes. 3 Interchangeable Brush Heads & Rechargeable Battery. Ultra Soft Nylon Bristles. IPX7 Waterproof. Electric Power Tooth brush (White),B0C4BBB2VZ
2,79,Wowdent Sonic Electric Tooth Brush For Adults With 5 Modes. 3 Brush Heads Rechargeable With 4 Hours Charge Lasting Up To 25 Days. Power Toothbrush (Black),B0CB8QPK4Y
2,80,Oral B iO8 Black Ultimate Clean Electric Toothbrush for Adults with a Travel Case,B088N6KHH8
2,81,TAYLORED HOME oon Printed Waterproof USB Rechargeable Sonic Electric Toothbrush with five Vibrating Brushing Cleaning Modes & 2 Extra Replaceable Brush Head for Children,B0CJK2DL74
2,82,US1984 Sonic Electric Toothbrush for Kids Adults with 5 Modes. 4 Brush Heads & Rechargeable Battery Last up to 30 Days. Ultra Soft Nylon Bristles. IPX7 Waterproof. Electric Power Tooth brush (Light Pink),B0C6GK57KT
2,83,YAVRIXZ Sonic Electric Toothbrush for Adults.Rechargeable Electric Toothbrushe with 2 Brush Heads. 6 Modes. 2 Minutes Smart Timer.4 Hours Fast Charge for 45 Days. (Toothbrush + 3 Brush Heads. black) (blake),B0CJNY5P5W
2,84,HANNEA® Toothbrush For Kids. Electric U Shaped Ultrasonic Brush Tooth. Chargeable automatic Tooth Brush IPX7 Waterproof USB Rechargeable Toothbrush With 3 Cleaning Modes (Age 3+),B0C5M4PW25
2,85,HAMMER Flow Lite Electric Toothbrush for Adults with 120 Days Battery Backup. Water resistant. Super-Soft Bristles (Blue),B0BVR8W9M5
2,86,Oral B Vitality Electric Rechargeable Toothbrush. Couple Pack. Gifting Pack with 2 brushes and 1 charger,B0BLV3W8CK
2,87,Just Decor Kids Cartoon Printed Ultrasonic Smart Electric Toothbrush with 5 Vibrating Cleaning Modes. Soft DuPont Bristles. Waterproof. USB Rechargeable. Extra Brush Head for Girls& boys(Pack of 2),B0CG9NCJDJ
2,88,Oral B Smart 7 Electric Toothbrush with Advanced Personalization with Ultra Soft Brush head with Travel case and extra brush head,B0BP1PXYQN
2,89,NE NIYATI ENTERPRISE Electric Toothbrush Rechargeable Ideal for Adults Children. 6 Optional Fast Charging Electric Ultrasonic Toothbrush with 2 min Build in Timer & 3 Replacement Heads,B0BZJ21Z8T
2,90,Brushed Up Rechargeable Powerful Premium Electric Toothbrush for adults Electric Brush for men. women. Three-in-one: Brush teeth. wash face and massage. 5 brush heads,B0C2ZC699X
2,91,BONIRY Sonic Rechargeable Electric Toothbrush For Adult | 6 Operational Modes | Long Lasting Fast Charging | Sonic Technology | 3x Plaque Removal Than Manual Toothbrushes | White | Pack of 1,B0BW4G17LD
2,92,TUSK Smart Electric Toothbrush | 23.000 Sonic Vibrations with Nano Sense Technology. 2 Bristlehead | 30 Days Rechargeable Battery Life with USB-C Charging Port | 1 Year Warranty (Sea Green),B0C1DGN84Y
2,93,Just Decor Solid Colored Ultrasonic Smart Electric Toothbrush with 5 Vibrating Cleaning Modes. Soft DuPont Bristles. Waterproof. USB Rechargeable. 2 Extra Brush Heads for Adults (Pack of 1),B0CG9PTCM4
2,94,Oral B Pro Vitality Cross Action Electric Rechargeable Toothbrush for adults.Pack of 1.Black & White,B00WAKQP70
2,95,Colgate Proclinical 500R Whitening Rechargeable Sonic Toothbrush. Electric Toothbrush for adults with Soft & Spiral Bristles. Dual-Brushing Mode (Replaceable Brush Head. Charger.Travel Case Included),B08DP36118
2,96,TLISMI Cartoon Printed Waterproof USB Rechargeable Sonic Electric Toothbrush with 5 Vibrating Brushing Cleaning Modes & Extra Replaceable Brush Head for Children (Pack of 1),B0CCMFQ1LQ
2,97,Fashion Story battery powered. and rechargeable electric toothbrush for kids. electric toothbrush for men. electric toothbrush for women (Purple),B0C5DTNXZW
2,98,MADHURAM ELECTRIC TOOTHBRUSH for Adults with 3 Brush Heads & 5 Cleaning Modes (Rechargeable) (WHITE),B0C9TWR6MW
2,99,MAPPERZ Ultra Whitening Protective Expert Clean Sonic Electric Toothbrush for Adults & Kids. Powerful Vibration & Soft Bristle for Deep Clean. Stain Removal. AA Bettery Powered (Not Included). 1Pc,B0C1GGCYXP
2,21,AUSEK Electric Toothbrush for Men & Women - 5 Modes. 60-Day Battery Life. Waterproof. USB Rechargeable. 3 Brush Heads (White),B0C58HQDDT
2,22,PROTOUCH PROTEETH ULTRASONIC TOOTHBRUSH for adults|360° Mouth Cleansing & Teeth Whitening at home|Soft Bristles & Blue Led Light| 3 Modes|Portable & Rechargeable |Electric Toothbrush for Men & Women,B09ZRJNKDQ
2,23,Manycast®Child Electric Sonic Toothbrush with 4 Brush Heads .3 Months Battery Life. Soft Bristles .Waterproof. 2 Min Build in Smart Timer. 3 Speed Modes. IPX7 Waterproof for Kids (Alligator),B0B1DTRZLN
2,24,AGARO COSMIC PLUS MAX Sonic Electric tooth brush for adults with 5 modes.7 brush heads.1 interdental head.Carry Case and rechargeable with 4 hours charge lasting up to 25 days Power Toothbrush.Champagne Gold,B092RDKJLC
2,100,Oral B iO8 Black Ultimate Clean Electric Toothbrush for Adults with a Travel Case,
3,25,ORACURA Sonic Lite Electric Rechargeable Toothbrush SB200 Green. 1 Year Warranty. 36.000 strokes/min. 3 Modes. Waterproof. Lasts 25 Days in one charge. 2 Mins Timer. Rechargeable,B0C89YP4QK
3,26,AGARO Cosmic Sonic Electric Toothbrush for Adults with 5 Modes. 6 Brush Heads. Rechargeable with 4 Hours Charge Lasting up to 25 Days. Power Toothbrush. Pack of 2. (Black),B09WDH6B5H
3,27,MADHURAM ELECTRIC TOOTHBRUSH for Adults with 3 Brush Heads & 5 Cleaning Modes (Rechargeable) (GREEN),B0C9TY73Z1
3,28,DEVIANT® Rechargeable Electric Toothbrush (with 3 replaceable heads) SONIC Technology | 3 Brushing modes| Soft Bristles,B0BSXM3SGK
3,101,Fashion Story Electric Toothbrush for Adults- Sonic Electric Toothbrush with 5 Modes and 3 Brush Heads. Can Use 30 Days with 2 Hours Fast Charging Electronic Brush (SonicFresh- Blue),B0BZYQBLFB
3,102,RENUKA Enterprise Rechargeable Electric Toothbrush for Adults - Sonic Electric Brush with 6 Modes and 4 Brush Head . Can Use 60 Days with 4 Hours Charging. Practical Gifts for Men and Women,B0BTCW6JYL
4,29,AGARO Cosmic Plus Sonic Tooth Brush Rose Gold & Ultra Portable Oral Irigator 200 ML White & Blue. Combo,B09RGDHVLJ
4,30,ORACURA Sonic Lite Electric Rechargeable Toothbrush SB200 Blue. 1 Year Warranty. 4 Vibrant Colours. 36.000 strokes/min. 3 Modes. Waterproof. Lasts 25 Days in one full charge. 2 Mins Auto-Timer,B09774TRGP
4,31,AGARO Cosmic Sonic Tooth Brush Black & Ultra Portable Oral Irigator 200 ML Black. Combo,B0B939BRWN
4,32,Oraimo Electric Toothbrush for Adults-oraimo Rechargeable Power Toothbrush with 8 Dupont Brush Heads.Sonic Toothbrush Holder.5 Optional Modes. 2 Minute Smart Timer. 3 Hr Fast Charge for 60 Days.Black,B0BJ1J7TYZ
4,103,TLISMI Cartoon Printed USB Rechargeable Soft Bristle Battery Powered Electric Toothbrush with Extra Interchangeable Brush Head & 5 Vibrating Cleaning Brushing Modes for Kids (Pack of 1),B0CCP49FKL
4,104,TLISMI Cartoon Print Smart Sonic USB Rechargeable Soft Bristle Battery Powered Electric Toothbrush with Extra Interchangeable Brush Head & 5 Vibrating Cleaning Brushing Modes for Kids (Pack of 1),B0CCP4Q1CD
4,105,AGARO COSMIC Sonic Electric Tooth Brush Pack of 2 For Adults + Rex Sonic Electric Tooth Brush For Kids. 6 Brush Heads For Adults & 2 Brush Heads For Kids. Rechargeable. Family Pack. Black + Blue,B09WDK321Y
4,106,Zordik Cartoon Printed Kids Electric Powered Vibrating Toothbrush with extra Toothbursh Head (Pink),B09RKHPP95
4,107,Bauri Electric Toothbrush. Rechargeable Sonic Electric Toothbrush，Super Slim Electric Toothbrush. Softtips Cleaning 3 Brush Heads. IPX7 Waterproof. (Black),B09JYQV5Z6
4,108,Philips HX3214/11 Sonicare Cleancare + Electric Toothbrush (White),B07JKZZYM5
4,109,Kwisy™ Rechargeable Electric Toothbrush for Adults - Sonic Electric Brush with 6 Modes and 4 Brush Head. Can Use 60 Days with 4 Hours Charging.(Multi color pack of 1),B0BZW4MB4Q
4,110,Colgate ProClinical 250R Charcoal Rechargeable Electric Toothbrush with Soft Bristles - Complete Combo with Gift Image 2,B08W26PS4T
4,111,ZORDIK Powered Battery Operated Electric Toothbrush with Cartoon Printed Electric Toothbrush head for Kids Girls and Boys (Blue),B0C55RGWTQ
4,112,ELOTAME Kids Sonic Electric Toothbrushes. Rechargeable Smart Toothbrush for Children. Sonic Toothbrush for Boys Girls Age 3-12 2 Mins Timer. 6 Modes. 4 Brush Heads. IPX7 Waterproof (Blue),B0BLG7GS1M
4,113,Dr.Dento Ultra Sonic Electric Toothbrush With AAA Powered 120 Days Battery Life | Ultra Soft Dupont & Vibrating Bristles For Men And Women,B0BRJ6LTHN
4,114,Oral B Cross Action Power Toothbrush Replacement Head (Soft) & Oral-B Kids Electric Rechargeable Toothbrush Featuring Frozen Characters,B084XK1LQ9
4,115,VIHM Sonic Electric Toothbrush for Adults.Rechargeable Electric Toothbrushe with 2 Brush Heads. 6 Modes. 2 Minutes Smart Timer.4 Hours Fast Charge for 45 Days (Toothbrush + 2 Brush Heads. PINK),B0BSFZ75X4
4,116,Colgate ProClinical B150 Charcoal Sonic Battery Powered Electric Toothbrush for adults. Pack of 1 Black (with Replaceable Brush Head Included),B0C2Z88FZQ
4,117,Uni Electric Power Sonic Toothbrush,B0CH8XW1PG
4,118,Apna Shop Electric Toothbrush Rechargeable Ideal for Adults Children. 6 Optional Fast Charging Electric Ultrasonic Toothbrush with 2 min Build in Timer & 3 Replacement Heads,B0CCNMNJ18
4,33,AGARO Cosmic Plus Sonic Toothbrush Black & Ultra Travel Portable Oral Irigator 180 ML Black. Combo,B0B93BYT9J
4,34,SmiloShine Electric Toothbrush Sonic Power Dupont Bristles With 5 Modes & 1 Extra Bristle Head. 31000 Strokes/Min. IPX7 | Automatic Toothbrush | Electricity Toothbrush (Blue),B0CDXD1F7C
4,35,AJUK® Children's Electric Toothbrush,B0BSXLRNR3
4,36,Dento-B X-2 Sonic Electric Toothbrush With 4 Brush Heads 6 Brushing Modes 42000 Vibrations Per Minute 2 Hours Charging Lasts Upto 60 Days DuPont Brush Head 1 Year Warranty (Black),B0CJJQYQYB
4,119,Oral-B Smart 1500 Electric Power Rechargeable Battery Toothbrush. Blue,B089LB1JMZ
4,120,Oral B Vitality 100 Blue Criss Cross Electric Rechargeable Toothbrush Powered by Braun & Oral B Cross-action Power Toothbrush (Color May Vary),B0B76MXD3T
4,121,Dr.Dento Neo Sonic Electric Toothbrush AAA Powered With 120 Days Battery Life Ultra Soft Dupont & Vibrating Bristles Smart Power Toothbrush (Ocean Blue),B0BRVHGTPJ
4,122,DEVIANT® Electric Toothbrushes for Kids. Sonic Kids Electric Toothbrushes with Soft Bristles. Waterproof USB Charging Rechargeable Ultrasonic Toothbrushes with 3 Replacement Brush Heads,B0BSXM6RK3
4,123,BTFO Sonic Electric Toothbrush with 5 Modes. 2pcs Replacement Brush Heads USB Rechargeable Smart Electronic Toothbrush with Holder for Adults IPX7 Waterproof Smart Timing Fast Charging (Black),B099RJSSWP
4,124,Oral B Kids Electric Rechargeable Toothbrush. Featuring Star Wars Characters & Oral B Cross Action Toothbrush Heads Pack Of 4 Replacement Refills For Electric Rechargeable,B0B427JDC6
4,125,Oral B Kids Electric Rechargeable Toothbrush. Featuring Spider Man (Age 3+) & Oral B Kids Electric Rechargeable Toothbrush Heads Replacement Refills. Featuring Disney Frozen Characters (Pack of 2),B0B76HH64T
4,126,JAY BHAGWATI TOOLS & MACHINERY Vibe Electric Toothbrush for Adults with 4X Plaque Removal|Rechargeable Electric Toothbrush with 2 Brush Heads & 5 Cleaning Modes|40000 strokes,B0BLV3DZQG
4,127,Niceble Electric Toothbrush with Drying Function. Portable Sonic Toothbrush Equipped with Travel Case & Mouthwash Cup. Rechargeable Power Toothbrush with 4 Modes & 4 Brush Heads for Adults,B0BBLB9HGH
4,128,KOMRID Electric Toothbrush for Adults and Kids with 8 Replacement Brush Heads. Rechargeable Tooth Brush 5s Splash-Proof Fast Charge for 180 Days with 6 Modes. 2 Minute Smart Timer,B0BZMBTL4C
4,129,HAMMER Ultraflow Plus Oscillating Electric Toothbrush for Adults with 2 Brush Heads. 4 Brushing Modes (White),B0BVR4ZRGN
4,130,2 Pack Electric Toothbrushes Sonic Electric Toothbrush Whitening with 8 Brush Heads. 6 Cleaning Modes and Smart Timer. for Adults Rechargeable Waterproof Cleaning Toothbrushes(Black + Pink)),B0B4DL9YJC
4,131,KareNow Electric Toothbrush for Adults Rechargeable - 4 Modes Electric Toothbrushes with 8 Replacement Brush Heads. Travel Power Tooth Brush with 2 Minutes Built in Smart Timer,B0BFLG6RB2
4,132,2 Pack Rechargeable Electric Toothbrushes for Adults and Kids. Sonic Whitening Tooth Brush with 8 Brush Heads. 6 Cleaning Modes and Smart Timer. Waterproof Cleaning Toothbrushes Set. Black & Black,B0B53D7BMX
4,133,DEVIANT® Rechargeable Electric Toothbrush (with 3 replaceable heads) SONIC Technology | 3 Brushing modes| Soft Bristles,B0BSXM3SGK
4,134,Philips Sonicare ProtectiveClean 4100 Plaque Control. Rechargeable electric toothbrush with pressure sensor. Black White HX6810/50 for adults.pack of 1,B078GVMVRH
4,135,Dr.Dento Neo Sonic Electric Toothbrush AAA Powered 120 Days Battery Life Ultra Soft Dupont And Vibrating Bristles For Unisex Adults 2 Brush Heads & 1 Brush Head Cover (Coral Red),B0BRJ5SYKM
4,136,Oral-B Battery Electric Powered Kid's Toothbrush Featuring Disney Princess Soft. 1,B0B2LKYTFH
4,137,Electric Toothbrush Rechargeable Premium Brush Electric Toothbrush with Soft Bristles and Strong Strokes. Waterproof Brush For Men. Women & Boys Use Brush,B0C3ZN91CV
4,138,Colgate ProClinical B150 Battery Powered Electric Toothbrush for adults. Pack of 1 White (with Replaceable Brush Head Included),B0C2ZBXNST
4,139,Usmile Electric Toothbrush. USB Rechargeable Sonic Electric Toothbrush for Adults. Whitening Toothbrush with Pressure Sensor. 4-Hour Fast Charge for 6 Months. P1 Black,B08K45XXBC
4,140,Jialto® Sonic Rechargeable Electric Toothbrush For Adult | 6 Operational Modes | Long Lasting Fast Charging | Sonic Technology | 3x Plaque Removal Than Manual Toothbrushes | White | Pack of 1,B0BPPS98YP
4,141,Oral-B Pro 7500 SmartSeries Electric Rechargeable Toothbrush with 3 Replacement Brush heads,B073P445G6
4,142,Bitvae Ultrasonic Electric Toothbrushes - Electric Toothbrush for Adults and Kids . American Dental Association Accepted . Rechargeable Travel Sonic Toothbrush with 8 Heads . Black D2,B09T9F8PYG
4,143,BEEBIRD® Kids Electric Rechargeable Toothbrush,B0BSXJZ832
4,144,TLISMI USB Rechargeable Soft Bristle Battery Powered Sonic Technology Electric Toothbrush with 2 Extra Interchangeable Brush Head & 5 Vibrating Cleaning & Brushing Modes for Adults (Pack of 1),B0CCP3SF9Q
4,145,TLISMI Sonic Powered Battery Operated Electric Toothbrush with Extra Toothbrush head for Girls. Boys and Children Electric Toothbrush for Kids (Pink),B09QYQVHFS
4,146,Philips Sonicare 9900 Prestige Rechargeable Electric Power Toothbrush with SenseIQ. Midnight. HX9990/12,B08YCVJKXV
4,147,Philips Sonicare DiamondClean Smart Electric. Rechargeable toothbrush for Complete Oral Care. with Charging Travel Case. 5 modes – 9500 Series. Black. HX9924/11,B06XSH2QTJ
4,148,PHILIPS - Sonicare 4100 Electric Toothbrush. Rechargeable Electric Toothbrush with Pressure Sensor. Black HX3681/24,B09LD7WRVS
4,149,Usmile Electric Toothbrush. USB Rechargeable Sonic Electric Toothbrush for Adults. Whitening Toothbrush with Pressure Sensor. 4-Hour Fast Charge for 6 Months. P1 White,B08K46X415
4,150,KIOS Rechargeable Electric Toothbrush. Waterproof Whitening Electric Tooth Brushes with 4 Brush Heads for Adults and Kids. Whitening Toothbrush with 6 Cleaning Modes and Smart Timer,B0C1HCDDBH
4,37,OralScape Sonicwhite Power Rechargeable Electric Waterproof Toothbrush with UV Sanitizer. 3 Replacement Brush Heads - Kills 99.9% Germs,B07CJSZ49T
4,38,ORLOV Electric Toothbrush for Women with 5 Modes- Clean. Sensitive. Polish. White & Massage. Smart Timer. Waterproof. 60-Day Battery Life. 3 Brush Heads,B0C46PBBL3
4,39,AGARO Cosmic Lite Sonic Tooth Brush. white & Ultra Portable Oral Irigator 200 ML White & Blue. Combo,B09WDGPRY4
4,40,beatXP Ionic Electric Toothbrush for Adults with 2 Brush Heads & 4 Cleaning Modes| Rechargeable Electric Toothbrush,B0BCG4NH59
4,151,Daybreak buzzz Sonic Electric Toothbrush|Long Lasting Battery Life & Waterproof| 3 Smart Cleaning Modes & 2 minute Timer| Gum Massager & Promotes Blood Circulation| For Adults| 2 Brush heads. 1 Travel case | Moon White,
5,41,AGARO COSMIC + COSMIC PLUS Sonic Electric Tooth Brush For Adults With 5 Modes. 8 Brush Heads. Interdental Head. Carry Case & Rechargeable With 4 Hours Charge Lasting Up To 25 Days. Power Toothbrush. Combo Pack. (Black),B09WDHG23K
5,42,SmiloShine Electric Toothbrush Sonic Power Dupont Bristles With 5 Modes & 1 Extra Bristle Head. 31000 Strokes/Min. IPX7 | Automatic Toothbrush | Electricity Toothbrush (Pink),B0CDXDGD61
5,43,AGARO COSMIC PLUS Sonic Electric Tooth Brush For Adults with 5 Modes. 5 Brush Heads. 1 Interdental Head. Carry Case & Rechargeable with 4 Hours Charge Lasting Up to 25 Days.Power Toothbrush(Rosegold),B0B938SBWS
5,44,AGARO REX Sonic Electric Kids Toothbrush with 3 Brushing Modes & Rechargeable Battery. Power Tooth brush. (Purple),B092RFFTMQ
5,152,OJV 8630 Sonic Rechargeable Kids Electric Toothbrushes for Children. 6 Modes with Memory. 2-Min Timer. ADA Accepted. IPX7 Waterproof. 4 Brush Heads 31000 Strokes Last 20 Days for Girls Age 3+ (Pink),B08GM6N1BS
5,153,PHYLIAN Electric Toothbrush for Adults and Kids. Sonic Toothbrush with 8 Brush Heads. Travel Case. Rechargeable Electric Toothbrush 3 Hours Fast Charge for 120 Days. H8 Blue,B0B4DSTFTD
5,154,Sonic Electric Toothbrushes for Kids-5 Modes with Smart Timer. Waterproof USB Charging Rechargeable Ultrasonic Toothbrushes. 4 Replacement Brush Heads. Adults Power Toothbrush. Dentists Recommend,B08RD7VHF3
6,45,AGARO Cosmic Sonic Toothbrush Black & Ultra Travel Portable Oral Irigator 180 ML Black. Combo,B0B93985T3
6,46,AGARO REX Sonic Electric Kids Toothbrush with 3 Brushing Modes & Rechargeable Battery. Power Tooth Brush. (Blue),B08CRVFJ8Z
6,47,Manycast®Child Electric Sonic Toothbrush with 4 Brush Heads .3 Months Battery Life. Soft Bristles .Waterproof. 2 Min Build in Smart Timer. 3 Speed Modes. IPX7 Waterproof for Kids (Dinosaur),B0B1DTNLCR
7,48,AGARO Cosmic Sonic Tooth Brush Black & Ultra Portable Oral Irigator 200 ML White & Blue. Combo,B09RGGR1G2
